id;marca;nombre;tamano;concentracion;genero;categoria;precio_crc
1503;Acqua Di Parma;Blu Mediterraneo Bergamotto Di Calabria;150 ml;EDT;Unisex;Niche;
1504;Acqua Di Parma;Blu Mediterraneo Fico Di Amalfi;150 ml;;Unisex;Niche;
1135;Acqua Di Parma;Blue Mediterraneo Arancia Di Capri;75 ml;EDT;Unisex;Niche;
1505;Acqua Di Parma;Colonia;180 ml;Cologne;Men;Niche;
1506;Acqua Di Parma;Lily Of The Valley;100 ml;EDP;Unisex;Niche;
1627;Afnan;9 PM;100 ml;EDP;Lady;Arabic;
1628;Afnan;9am Dive;100 ml;EDP;Men;Arabic;
25;Afnan;9PM;;;;Arabic;40000
1630;Afnan;9PM Elixir Intense;100 ml;Parfum;Unisex;Arabic;
1631;Afnan;Highness IV;100 ml;EDP;Unisex;Arabic;
1632;Afnan;Highness IX;100 ml;EDP;Unisex;Arabic;
1633;Afnan;Highness V Black;100 ml;EDP;Lady;Arabic;
1634;Afnan;Highness VI Blue;100 ml;EDP;Men;Arabic;
1635;Afnan;Highness X Brown;100 ml;EDP;Men;Arabic;
1636;Afnan;Historic Doria;100 ml;EDP;Unisex;Arabic;
1637;Afnan;Historic Olmeda;100 ml;;Unisex;Arabic;
1638;Afnan;La Fleur Bouquet;80 ml;EDP;Lady;Arabic;
1639;Afnan;Noya Oud Is Great;100 ml;Extrait de Parfum;Unisex;Arabic;
1640;Afnan;Ornament;100 ml;EDP;Lady;Arabic;
1641;Afnan;Ornament Purple Allure;100 ml;EDP;Lady;Arabic;
1642;Afnan;Rose Tiffany;100 ml;EDP;Lady;Arabic;
1643;Afnan;Souvenir Desert Rose;100 ml;EDP;Lady;Arabic;
1644;Afnan;Souvenir Floral Bouquet;100 ml;EDP;Lady;Arabic;
1652;Afnan;Supremacy;100 ml;EDP;Men;Arabic;
1650;Afnan;Supremacy (pink);100 ml;EDP;Lady;Arabic;
1651;Afnan;Supremacy (purple);100 ml;EDP;Lady;Arabic;
1646;Afnan;Supremacy Gold;100 ml;EDP;Lady;Arabic;
1647;Afnan;Supremacy In Heaven;100 ml;EDP;Men;Arabic;
1645;Afnan;Supremacy In Oud;100 ml;Extrait de Parfum;Men;Arabic;
1648;Afnan;Supremacy Noir;100 ml;EDP;Men;Arabic;
1649;Afnan;Supremacy Not Only Intense;100 ml;EDP;Men;Arabic;
1653;Afnan;Supremacy Silver;150 ml;EDP;Men;Arabic;
24;Ajmal;Dahn Al Oudh;;;;Arabic;60000
1507;Al Haramain;Amber Musk;100 ml;EDP;Unisex;Arabic;
1508;Al Haramain;Amber Oud Bleu;100 ml;;;Arabic;
1509;Al Haramain;Amber Oud Bleu Edition;200 ml;EDP;Unisex;Arabic;
1510;Al Haramain;Amber Oud Carbon;100 ml;;;Arabic;
1511;Al Haramain;Amber Oud Exclusif Bleu;60 ml;Extrait de Parfum;Unisex;Arabic;
1512;Al Haramain;Amber Oud Exclusif Classic;60 ml;Extrait de Parfum;Unisex;Arabic;
1513;Al Haramain;Amber Oud Exclusif Emerald;60 ml;Extrait de Parfum;Unisex;Arabic;
1514;Al Haramain;Amber Oud Exclusif Sport;60 ml;Extrait de Parfum;Unisex;Arabic;
1516;Al Haramain;Amber Oud Gold Edition;60 ml;EDP;Unisex;Arabic;
1515;Al Haramain;Amber Oud Gold Edition;200 ml;EDP;Unisex;Arabic;
1517;Al Haramain;Amber Oud Rouge;60 ml;EDP;Unisex;Arabic;
1518;Al Haramain;Amber Oud Ruby Edition;120 ml;EDP;Unisex;Arabic;
1519;Al Haramain;Amber Oud Tobacco Edition;60 ml;EDP;Unisex;Arabic;
1520;Al Haramain;Amber Oud White;100 ml;;Unisex;Arabic;
19;Amouage;Reflection Man;;;;Niche;165000
1125;Antonio Banderas;Blue Seduction;80 ml;EDT;Lady;Designer;
1124;Antonio Banderas;Blue Seduction;100 ml;EDT;Men;Designer;
1126;Antonio Banderas;Diavolo For;100 ml;EDT;Men;Designer;
1127;Antonio Banderas;Her Golden Secret;80 ml;EDT;Lady;Designer;
1128;Antonio Banderas;Her Secret Desire;80 ml;EDT;Lady;Designer;
1129;Antonio Banderas;Icon;100 ml;EDP;Men;Designer;
1130;Antonio Banderas;King Of Seduction;100 ml;EDT;Men;Designer;
1131;Antonio Banderas;King Of Seduction;200 ml;EDT;Men;Designer;
1132;Antonio Banderas;Select Diavolo Club For;100 ml;;Men;Designer;
1133;Antonio Banderas;The Icon;100 ml;EDP;Lady;Designer;
1134;Antonio Banderas;The Secret;100 ml;EDT;Men;Designer;
27;Arabian Oud;Blue Oud;;;;Arabic;65000
1136;Ariana Grande;Ari;100 ml;EDP;Lady;Designer;
1137;Ariana Grande;Cloud 2.0 Intense;100 ml;EDP;Lady;Designer;
1138;Ariana Grande;God Is A;100 ml;EDP;Lady;Designer;
1139;Ariana Grande;Mood Blush;100 ml;EDP;;Designer;
1140;Ariana Grande;Mood Vanilla;100 ml;EDP;Lady;Designer;
1141;Ariana Grande;Moonlight;100 ml;EDP;Lady;Designer;
1142;Ariana Grande;REM;100 ml;EDP;Lady;Designer;
1143;Ariana Grande;Sweet Like Candy;100 ml;EDP;Lady;Designer;
1379;Armaf;Club De Nuit;105 ml;EDT;Men;Arabic;
1378;Armaf;Club De Nuit;200 ml;EDP;Lady;Arabic;
1377;Armaf;Club De Nuit Clasico;30 ml;EDP;Lady;Arabic;
1382;Armaf;Club De Nuit Iconic;30 ml;EDP;Men;Arabic;
1380;Armaf;Club De Nuit Iconic;105 ml;EDP;Men;Arabic;
1381;Armaf;Club De Nuit Iconic;200 ml;EDP;Men;Arabic;
1383;Armaf;Club De Nuit Imperiale;105 ml;EDP;Lady;Arabic;
1384;Armaf;Club De Nuit Imperiale;200 ml;EDP;Lady;Arabic;
1396;Armaf;Club De Nuit Intense;75 g;Deodorant;;Arabic;
1398;Armaf;Club De Nuit Intense;100 g;Hair Styling;;Arabic;
1389;Armaf;Club De Nuit Intense;30 ml;EDP;Men;Arabic;
1395;Armaf;Club De Nuit Intense;30 ml;EDP;Men;Arabic;
1397;Armaf;Club De Nuit Intense;55 ml;Hair Mist;;Arabic;
1390;Armaf;Club De Nuit Intense;70 ml;Extrait de Parfum;Men;Arabic;
1385;Armaf;Club De Nuit Intense;105 ml;;Men;Arabic;
1387;Armaf;Club De Nuit Intense;105 ml;EDP;Lady;Arabic;
1399;Armaf;Club De Nuit Intense;150 ml;Parfum;Men;Arabic;
1388;Armaf;Club De Nuit Intense;200 ml;EDP;Men;Arabic;
1386;Armaf;Club De Nuit Intense Concetrated Oil;18 ml;;Men;Arabic;
1391;Armaf;Club De Nuit Intense Extreme;105 ml;Parfum;Men;Arabic;
1393;Armaf;Club De Nuit Intense Limited Edition;105 ml;EDP;Men;Arabic;
1392;Armaf;Club De Nuit Intense Limited Edition Collectors Pride;105 ml;Parfum;Men;Arabic;
1394;Armaf;Club De Nuit Intense Limited Edtion 2024;105 ml;Parfum;Men;Arabic;
26;Armaf;Club de Nuit Intense Man;;;;Arabic;48000
1400;Armaf;Club De Nuit Lionheart;100 ml;EDP;Lady;Arabic;
1401;Armaf;Club De Nuit Lionheart;100 ml;EDP;Men;Arabic;
1402;Armaf;Club De Nuit Maleka;105 ml;EDP;Lady;Arabic;
1405;Armaf;Club De Nuit Milestone;30 ml;EDP;Men;Arabic;
1403;Armaf;Club De Nuit Milestone;105 ml;EDP;Men;Arabic;
1404;Armaf;Club De Nuit Milestone;200 ml;EDP;Men;Arabic;
1406;Armaf;Club De Nuit Milestone Concetrated Oil;18 ml;EDP;Men;Arabic;
1407;Armaf;Club De Nuit Oud;105 ml;Parfum;Unisex;Arabic;
1408;Armaf;Club De Nuit Precieux I;55 ml;Extrait de Parfum;Men;Arabic;
1409;Armaf;Club De Nuit Precieux IV;55 ml;Extrait de Parfum;Lady;Arabic;
1410;Armaf;Club De Nuit Private Key To My Love;100 ml;EDP;Unisex;Arabic;
1413;Armaf;Club De Nuit Sillage;30 ml;EDP;Men;Arabic;
1412;Armaf;Club De Nuit Sillage;105 ml;EDP;Men;Arabic;
1411;Armaf;Club De Nuit Sillage Concetrated Oil;18 ml;;Men;Arabic;
1416;Armaf;Club De Nuit Untold;30 ml;EDP;Unisex;Arabic;
1414;Armaf;Club De Nuit Untold;105 ml;EDP;Unisex;Arabic;
1415;Armaf;Club De Nuit Untold;200 ml;EDP;Unisex;Arabic;
1417;Armaf;Club De Nuit Urban;105 ml;EDP;Men;Arabic;
1418;Armaf;Club De Nuit Urban Elixir;105 ml;EDP;Men;Arabic;
1447;Armaf;Odyssey;80 ml;EDP;Lady;Arabic;
1437;Armaf;Odyssey Aoud Edition;100 ml;EDP;Men;Arabic;
1438;Armaf;Odyssey Artisto Red Edition;100 ml;EDP;Unisex;Arabic;
1439;Armaf;Odyssey Bahamas;100 ml;EDP;Unisex;Arabic;
1440;Armaf;Odyssey Black Forest;100 ml;EDP;Unisex;Arabic;
1443;Armaf;Odyssey Candee;60 ml;EDP;Lady;Arabic;
1441;Armaf;Odyssey Candee;100 ml;EDP;Lady;Arabic;
1442;Armaf;Odyssey Candee;200 ml;EDP;Lady;Arabic;
1445;Armaf;Odyssey Dubai Chocolat;60 ml;EDP;Unisex;Arabic;
1444;Armaf;Odyssey Dubai Chocolat;100 ml;EDP;Unisex;Arabic;
1446;Armaf;Odyssey Eau De Montagne;100 ml;EDP;Unisex;Arabic;
1448;Armaf;Odyssey Go Mango;100 ml;EDP;Unisex;Arabic;
1451;Armaf;Odyssey Homme;60 ml;EDP;Men;Arabic;
1450;Armaf;Odyssey Homme;100 ml;EDP;Men;Arabic;
1449;Armaf;Odyssey Homme Black;200 ml;EDP;Men;Arabic;
1453;Armaf;Odyssey Homme White Edition;60 ml;EDP;Men;Arabic;
1452;Armaf;Odyssey Homme White Edition;100 ml;EDP;Men;Arabic;
1454;Armaf;Odyssey Lichi Lush;100 ml;EDP;Lady;Arabic;
1456;Armaf;Odyssey Limoni;60 ml;EDP;Unisex;Arabic;
1455;Armaf;Odyssey Limoni;100 ml;EDP;Men;Arabic;
1458;Armaf;Odyssey Mandarin Sky;10 ml;EDP;Men;Arabic;
1459;Armaf;Odyssey Mandarin Sky;60 ml;EDP;Men;Arabic;
1457;Armaf;Odyssey Mandarin Sky;100 ml;EDP;Men;Arabic;
1460;Armaf;Odyssey Mandarin Sky Elixir;100 ml;EDP;Unisex;Arabic;
1461;Armaf;Odyssey Mandarin Sky Limited Edition;200 ml;EDP;Men;Arabic;
1462;Armaf;Odyssey Marshmallow;100 ml;EDP;Lady;Arabic;
1464;Armaf;Odyssey Mega;10 ml;EDP;Men;Arabic;
1466;Armaf;Odyssey Mega;60 ml;EDP;Men;Arabic;
1463;Armaf;Odyssey Mega;100 ml;EDP;Men;Arabic;
1465;Armaf;Odyssey Mega;200 ml;EDP;Men;Arabic;
1467;Armaf;Odyssey Pink Pop;100 ml;EDP;Lady;Arabic;
1468;Armaf;Odyssey Revolution;100 ml;EDP;Men;Arabic;
1472;Armaf;Odyssey Spectra;60 ml;EDP;Unisex;Arabic;
1470;Armaf;Odyssey Spectra;100 ml;EDP;Men;Arabic;
1471;Armaf;Odyssey Spectra;200 ml;EDP;Unisex;Arabic;
1469;Armaf;Odyssey Spectra Blu Edition;100 ml;EDP;Unisex;Arabic;
1473;Armaf;Odyssey Toffee Coffee Edition;100 ml;EDP;Unisex;Arabic;
1475;Armaf;Odyssey Tyrant Edition;60 ml;EDP;Men;Arabic;
1474;Armaf;Odyssey Tyrant Edition;100 ml;EDP;Men;Arabic;
1477;Armaf;Odyssey White;80 ml;EDP;Lady;Arabic;
1476;Armaf;Odyssey White Edition;200 ml;EDP;Men;Arabic;
1478;Armaf;Odyssey Wild One;100 ml;EDP;Men;Arabic;
1283;Bond No.9;Astor Place;100 ml;EDP;Unisex;Niche;
1271;Bond No.9;Chelsea Nights;100 ml;EDP;Unisex;Niche;
1272;Bond No.9;China Town;100 ml;EDP;;Niche;
1281;Bond No.9;Dubai Amber;100 ml;EDP;Unisex;Niche;
1273;Bond No.9;Dubai Amethyst;100 ml;EDP;Unisex;Niche;
1284;Bond No.9;Dubai Black Sapphire;100 ml;EDP;Unisex;Niche;
1274;Bond No.9;Dubai Jade;100 ml;EDP;Unisex;Niche;
1275;Bond No.9;FiDi;100 ml;EDP;Men;Niche;
1276;Bond No.9;Greenwich Village;100 ml;EDP;;Niche;
1277;Bond No.9;My New York;100 ml;EDP;;Niche;
1278;Bond No.9;New York Patchouli;100 ml;EDP;Unisex;Niche;
1279;Bond No.9;Nomad;100 ml;EDP;Unisex;Niche;
1289;Bond No.9;Nuits De Noho;100 ml;EDP;Lady;Niche;
1280;Bond No.9;Off Broadway;100 ml;EDP;Unisex;Niche;
1285;Bond No.9;Perfumista Avenue;100 ml;EDP;Lady;Niche;
1282;Bond No.9;The Scent Of Peace;50 ml;EDP;Men;Niche;
1286;Bond No.9;The Scent Of Peace;100 ml;EDP;Lady;Niche;
1287;Bond No.9;The Scent Of Peace Natural;100 ml;EDP;;Niche;
1290;Bond No.9;TriBeCa;100 ml;EDP;Unisex;Niche;
1288;Bond No.9;Wall Street;100 ml;EDP;;Niche;
1291;Boston Red Sox;Boston Red Sox;30 ml;EDT;Men;Designer;
1292;Britney Spears;Curious;100 ml;EDP;Lady;Designer;
1293;Britney Spears;Fantasy;100 ml;EDP;Lady;Designer;
1294;Britney Spears;Fantasy Electric;100 ml;EDT;;Designer;
1295;Britney Spears;Fantasy Sheer;100 ml;EDT;;Designer;
1296;Britney Spears;Festive Fantasy;100 ml;EDT;;Designer;
1297;Britney Spears;Prerogative;100 ml;EDP;Lady;Designer;
1298;Britney Spears;Prerogative Rave;100 ml;EDP;Lady;Designer;
1299;Bubble Bath;Princess Belle;300 ml;;Unisex;Designer;
1300;Bubble Bath;Princess Rapunzel;300 ml;;Unisex;Designer;
1301;Burberry;Body;85 ml;EDT;Lady;Designer;
1302;Burberry;Brit;100 ml;EDP;Lady;Designer;
1303;Burberry;Brit;100 ml;EDT;Lady;Designer;
1304;Burberry;Brit;100 ml;EDP;Lady;Designer;
1305;Burberry;Brit For Him;100 ml;EDT;Men;Designer;
1306;Burberry;Brit For Him;100 ml;EDT;;Designer;
1307;Burberry;Brit Sheer;100 ml;EDT;Lady;Designer;
1308;Burberry;Clasico Vino;100 ml;EDT;Men;Designer;
1309;Burberry;Classic;100 ml;EDP;Lady;Designer;
1310;Burberry;For;100 ml;EDT;Men;Designer;
1654;Burberry;For Classic New;100 ml;EDP;Lady;Designer;
1655;Burberry;Goddess;100 ml;EDP;Lady;Designer;
1656;Burberry;Hero;100 ml;EDT;Men;Designer;
1657;Burberry;London Fab;100 ml;EDP;Lady;Designer;
1658;Burberry;London Fab;100 ml;EDT;Men;Designer;
1659;Burberry;Mr Burberry;100 ml;EDT;Men;Designer;
1660;Burberry;Mr. Burberry;100 ml;EDP;Men;Designer;
1662;Burberry;My;90 ml;EDP;Lady;Designer;
1661;Burberry;My Burberry Black;90 ml;Parfum;Lady;Designer;
1663;Burberry;The Beat For;100 ml;EDT;Men;Designer;
1665;Burberry;Touch;100 ml;EDP;Lady;Designer;
1664;Burberry;Touch For;100 ml;EDT;Men;Designer;
1666;Burberry;Weekend;100 ml;EDP;Lady;Designer;
1667;Burberry;Weekend;100 ml;EDT;Men;Designer;
1669;Bvlgari;Aqva;100 ml;EDT;Men;Designer;
1668;Bvlgari;Aqva Marine;100 ml;EDT;Men;Designer;
1670;Bvlgari;Black;100 ml;Cologne;Men;Designer;
1678;Bvlgari;Extreme;100 ml;EDP;Men;Designer;
1673;Bvlgari;Omnia Coral;65 ml;EDT;Lady;Designer;
1674;Bvlgari;Omnia Crystalline;65 ml;EDT;Lady;Designer;
1675;Bvlgari;Omnia Golden Citrine;65 ml;EDT;Lady;Designer;
1676;Bvlgari;Omnia Pink Sapphire;65 ml;EDT;Lady;Designer;
1677;Bvlgari;Pour Homme;100 ml;EDP;Men;Designer;
1679;Bvlgari;Rose Goldea The Essence Of The Jeweller;90 ml;EDP;Lady;Designer;
1680;Bvlgari;Splendida Patchouli;100 ml;;Lady;Designer;
1671;Bvlgari;Wood Essence;100 ml;EDP;Men;Designer;
1672;Bvlgari;Wood Neroli;100 ml;EDP;Men;Designer;
12;Byredo;Gypsy Water;;;;Niche;130000
1521;Carolina Herrera;212 Clasico;100 ml;EDT;Men;Designer;
1524;Carolina Herrera;212 Vip;80 ml;EDP;Lady;Designer;
1526;Carolina Herrera;212 Vip;100 ml;EDT;Men;Designer;
1525;Carolina Herrera;212 Vip;200 ml;EDT;Men;Designer;
1522;Carolina Herrera;212 VIP Black I Love NY Limited Edition;100 ml;EDP;Men;Designer;
1523;Carolina Herrera;212 VIP Black Smiley;100 ml;EDP;Men;Designer;
1528;Carolina Herrera;212 VIP Rose I Love NY Limited Edition;80 ml;EDP;Lady;Designer;
1529;Carolina Herrera;212 Vip Rose Red Limited Edition;80 ml;;Lady;Designer;
1530;Carolina Herrera;212 Vip Rose Smiley;80 ml;EDP;Lady;Designer;
1531;Carolina Herrera;212 VIP Wins;80 ml;EDP;Lady;Designer;
1527;Carolina Herrera;212 VIP Wins;100 ml;EDP;Men;Designer;
1535;Carolina Herrera;Bad Boy;100 ml;EDT;Men;Designer;
1536;Carolina Herrera;Bad Boy;150 ml;EDT;;Designer;
1532;Carolina Herrera;Bad Boy Cobalt;100 ml;EDP;;Designer;
1533;Carolina Herrera;Bad Boy Dazzling Garden;100 ml;EDP;Men;Designer;
1534;Carolina Herrera;Bad Boy Le;150 ml;Parfum;;Designer;
1537;Carolina Herrera;Bad Boy Superstars;100 ml;EDT;Men;Designer;
1538;Carolina Herrera;Central Park Limited Edition;100 ml;EDT;Lady;Designer;
1541;Carolina Herrera;Ch;100 ml;EDT;Men;Designer;
1539;Carolina Herrera;CH Insignia;100 ml;EDP;Men;Designer;
1540;Carolina Herrera;CH Limited Edition;100 ml;EDP;Lady;Designer;
1542;Carolina Herrera;Chic;100 ml;EDT;Men;Designer;
1543;Carolina Herrera;Clasico Puntos;100 ml;EDP;Lady;Designer;
1544;Carolina Herrera;For;200 ml;EDT;Men;Designer;
1545;Carolina Herrera;Good Girl Blush;80 ml;EDP;Lady;Designer;
1546;Carolina Herrera;Good Girl Blush Elixir;80 ml;EDP;Lady;Designer;
1547;Carolina Herrera;Good Girl Negra;80 ml;EDP;Lady;Designer;
1548;Carolina Herrera;La Bomba;80 ml;EDP;Lady;Designer;
1549;Carolina Herrera;Pasion;100 ml;EDP;Lady;Designer;
1550;Carolina Herrera;Pasion;100 ml;EDP;Men;Designer;
1078;Casamorati;Flore Dulivo;100 ml;EDP;;Niche;
1079;Chanel;Allure Clasico;100 ml;EDT;Lady;Designer;
1080;Chanel;Allure Homme Sport;100 ml;Cologne;Men;Designer;
1082;Chanel;Allure Homme Sport;150 ml;Cologne;Men;Designer;
1081;Chanel;Allure Homme Sport Eau Extreme;150 ml;;Men;Designer;
1083;Chanel;Allure Sensualle;100 ml;EDT;Lady;Designer;
1084;Chanel;Bleu;50 ml;Parfum;Men;Designer;
2;Chanel;Bleu de Chanel EDP;;;;Designer;90000
1086;Chanel;Chance;100 ml;EDP;Lady;Designer;
1087;Chanel;Chance;100 ml;EDT;Lady;Designer;
1088;Chanel;Chance;150 ml;EDT;Lady;Designer;
1085;Chanel;Chance Eau Tendre;100 ml;EDT;Lady;Designer;
1089;Chanel;Coco Mademoiselle;200 ml;EDP;Lady;Designer;
1090;Chanel;Gabrielle Essence;100 ml;EDP;;Designer;
1091;Chanel;N 19 Poure;100 ml;EDP;Lady;Designer;
1093;Chanel;N 5;100 ml;EDP;Lady;Designer;
1092;Chanel;N 5 Eau Premiere;100 ml;;Lady;Designer;
1094;Chanel;Pour Monsieur;50 ml;EDT;;Designer;
1098;Clinique;Happy;100 ml;EDT;Men;Designer;
1097;Clinique;Happy Clasico;100 ml;EDP;Lady;Designer;
1099;Clinique;Happy Heart;100 ml;EDP;Lady;Designer;
1100;Clive Christian;Jump Up And Kiss Me;50 ml;EDP;Men;Niche;
1361;Creed;Aventus;75 ml;;Lady;Niche;
1359;Creed;Aventus;100 ml;Cologne;;Niche;
1360;Creed;Aventus;100 ml;EDP;Men;Niche;
1358;Creed;Aventus 10 Anniversary;100 ml;;;Niche;
1362;Creed;Bois Du Portugal;100 ml;EDP;Men;Niche;
1363;Creed;Centaurus;100 ml;EDP;Unisex;Niche;
1364;Creed;Erolfa;100 ml;;Men;Niche;
1365;Creed;Green Neroli;100 ml;EDP;Men;Niche;
1366;Creed;Himalaya;100 ml;EDP;Men;Niche;
1367;Creed;Love In White;30 ml;EDP;Lady;Niche;
1368;Creed;Millesime Imperial;100 ml;EDP;Men;Niche;
1369;Creed;Neroli Sauvage;100 ml;;;Niche;
1370;Creed;Original Santal;100 ml;EDP;Men;Niche;
1371;Creed;Queen Of Silk;75 ml;EDP;Lady;Niche;
1372;Creed;Royal Mayfair;120 ml;;;Niche;
1373;Creed;Viking;100 ml;;;Niche;
1374;Creed;Viking;100 ml;Cologne;Men;Niche;
1375;Creed;Wind Flowers;75 ml;EDP;Lady;Niche;
1376;Creed;Zeste Mandarine;100 ml;EDP;Men;Niche;
1067;Dior;Addict;100 ml;EDP;;Designer;
1066;Dior;Addict Eau Fraiche;100 ml;;Lady;Designer;
1095;Dior;Dolce Vita;100 ml;EDT;Lady;Designer;
1068;Dior;Fahrenheit;150 ml;Deodorant;Men;Designer;
1069;Dior;Fahrenheit;200 ml;EDT;Men;Designer;
1070;Dior;Higher Energy;100 ml;EDT;Men;Designer;
1071;Dior;Homme;125 ml;Cologne;Men;Designer;
1072;Dior;Homme Sport;125 ml;EDT;;Designer;
1073;Dior;Miss Dior;100 ml;Deodorant;Lady;Designer;
1074;Dior;Miss Dior Originale;100 ml;EDT;Lady;Designer;
1096;Dior;Poison;100 ml;EDT;Lady;Designer;
1075;Dior;Poison Girl Unexpected;100 ml;EDT;Lady;Designer;
1076;Dior;Pure Poison;;EDP;Lady;Designer;
1077;Dior;Sauvage;100 ml;Parfum;Men;Designer;
1;Dior;Sauvage Elixir;;;;Designer;85000
1165;Dolce & Gabbana;(clasico Vino);100 ml;EDP;Lady;Designer;
1144;Dolce & Gabbana;Devotion Intense;100 ml;EDP;Lady;Designer;
1147;Dolce & Gabbana;Dolce & Gabbana;100 ml;EDT;Lady;Designer;
1156;Dolce & Gabbana;Dolce Lazo Negro;75 ml;EDP;Lady;Designer;
1145;Dolce & Gabbana;Dolce Lazo Negro;150 ml;EDP;Lady;Designer;
1157;Dolce & Gabbana;Dolce Rosa Excelsa;75 ml;EDP;Lady;Designer;
1146;Dolce & Gabbana;Dolce Rose;75 ml;EDT;Lady;Designer;
1158;Dolce & Gabbana;Intense;100 ml;EDP;Lady;Designer;
1148;Dolce & Gabbana;K;100 ml;Parfum;Men;Designer;
1159;Dolce & Gabbana;King;100 ml;EDT;Men;Designer;
1171;Dolce & Gabbana;King;150 ml;EDT;Men;Designer;
1172;Dolce & Gabbana;King;200 ml;EDT;Men;Designer;
1168;Dolce & Gabbana;King Intense;100 ml;EDP;Men;Designer;
1155;Dolce & Gabbana;L'imperatrice;100 ml;EDT;Lady;Designer;
1161;Dolce & Gabbana;Light Blue;100 ml;EDT;Lady;Designer;
1162;Dolce & Gabbana;Light Blue;125 ml;EDT;Men;Designer;
1149;Dolce & Gabbana;Light Blue;200 ml;EDT;Men;Designer;
1163;Dolce & Gabbana;Light Blue;200 ml;EDT;Lady;Designer;
1160;Dolce & Gabbana;Light Blue Eau Intense;100 ml;EDP;Men;Designer;
1173;Dolce & Gabbana;Light Blue Forever;100 ml;EDP;Lady;Designer;
1164;Dolce & Gabbana;Light Blue Sunset In Salina;100 ml;EDT;Lady;Designer;
1150;Dolce & Gabbana;Ligth Blue;125 ml;Body Spray;Men;Designer;
1151;Dolce & Gabbana;Ligth Blue Forever;100 ml;EDP;Men;Designer;
1152;Dolce & Gabbana;Lily;75 ml;EDT;;Designer;
1166;Dolce & Gabbana;Pour Homme;125 ml;EDT;Men;Designer;
1153;Dolce & Gabbana;Pour Homme;200 ml;EDT;Men;Designer;
1169;Dolce & Gabbana;Queen;100 ml;EDP;Lady;Designer;
1170;Dolce & Gabbana;Queen Intense Intense;100 ml;EDP;Lady;Designer;
1154;Dolce & Gabbana;The One;100 ml;EDT;Men;Designer;
1167;Dolce & Gabbana;The Only One 2;100 ml;EDP;Lady;Designer;
20;Ex Nihilo;Fleur Narcotique;;;;Niche;135000
1025;Giorgio Armani;Acqua Di Gio;100 ml;EDT;Lady;Designer;
1026;Giorgio Armani;Acqua Di Gio;100 ml;EDT;Men;Designer;
1027;Giorgio Armani;Acqua Di Gio;200 ml;EDT;Men;Designer;
1028;Giorgio Armani;Acqua Di Gio Profondo;75 ml;EDP;Men;Designer;
5;Giorgio Armani;Acqua di Giò Profumo;;;;Designer;80000
1029;Giorgio Armani;Acqua Di Gioia;150 ml;EDP;Lady;Designer;
1030;Giorgio Armani;Acqua Di Gioia Sun;100 ml;EDP;Lady;Designer;
1031;Giorgio Armani;Armani Code;75 ml;EDP;Lady;Designer;
1032;Giorgio Armani;Armani Code;75 ml;EDT;Men;Designer;
1033;Giorgio Armani;Armani Si Passione;100 ml;EDP;Lady;Designer;
1034;Giorgio Armani;Because Its You;100 ml;EDP;Lady;Designer;
1036;Giorgio Armani;Code;125 ml;EDT;Men;Designer;
1035;Giorgio Armani;Code;200 ml;EDT;Men;Designer;
1024;Giorgio Armani;Code Absolu;110 ml;Parfum;Men;Designer;
1037;Giorgio Armani;Emporio Armani;100 ml;EDP;Lady;Designer;
1038;Giorgio Armani;Si;100 ml;EDT;Lady;Designer;
1039;Giorgio Armani;Si Intense;100 ml;EDP;Lady;Designer;
1041;Giorgio Armani;Si Passione Eclat;100 ml;EDP;Lady;Designer;
1042;Giorgio Armani;Si Passione Intense;100 ml;EDP;Lady;Designer;
1043;Giorgio Armani;Stronger With You;100 ml;EDT;Men;Designer;
1023;Giorgio Armani;Stronger With You;150 ml;EDT;Men;Designer;
1044;Giorgio Armani;Terra Di Gioia;100 ml;EDP;Lady;Designer;
1045;Giovanni Bacci;Vertis;100 ml;EDP;Lady;Designer;
1046;Givenchy;Amarige;100 ml;EDT;Lady;Designer;
1047;Givenchy;Ange Ou Demon;100 ml;EDP;Lady;Designer;
1048;Givenchy;Ange Ou Demon Le Secret;100 ml;EDP;Lady;Designer;
1049;Givenchy;Ange Ou Demon Le Secret;100 ml;EDT;Lady;Designer;
1050;Givenchy;Blue Label;100 ml;EDT;Men;Designer;
1051;Givenchy;Dahlia Divin;75 ml;EDT;Lady;Designer;
1052;Givenchy;Eau Demoiselle;100 ml;EDT;Lady;Designer;
1053;Givenchy;Eaudemoiselle Rose A La Folie;100 ml;EDT;Lady;Designer;
1054;Givenchy;Gentleman Boisee;100 ml;EDP;Men;Designer;
8;Givenchy;Gentleman EDP;;;;Designer;72000
1056;Givenchy;Gentleman Society Extreme;60 ml;EDP;Men;Designer;
1061;Givenchy;I Interdit;80 ml;EDP;Lady;Designer;
1057;Givenchy;Irresistible;80 ml;EDP;Lady;Designer;
1058;Givenchy;Irresistible;80 ml;EDT;Lady;Designer;
1059;Givenchy;Irresistible Fraiche;80 ml;EDT;Lady;Designer;
1060;Givenchy;L Interdit;125 ml;EDP;Lady;Designer;
1062;Givenchy;Live Irresistible;75 ml;EDT;Lady;Designer;
1063;Givenchy;Organza;100 ml;EDP;Lady;Designer;
1064;Givenchy;Pi;100 ml;EDT;Men;Designer;
1065;Givenchy;Pour Homme;100 ml;EDT;Men;Designer;
1610;Givenchy;Tartine Et Chocolat Ptisenbon;100 ml;EDT;Lady;Designer;
1611;Givenchy;Ysatis;100 ml;EDT;Lady;Designer;
1612;Gucci;Bamboo;75 ml;EDT;Lady;Designer;
1613;Gucci;Bloom;100 ml;EDP;Lady;Designer;
1620;Gucci;Guilty;60 ml;Parfum;Lady;Designer;
1623;Gucci;Guilty;60 ml;Parfum;Men;Designer;
1617;Gucci;Guilty;90 ml;EDT;Lady;Designer;
1619;Gucci;Guilty;90 ml;EDP;Lady;Designer;
1622;Gucci;Guilty;90 ml;EDT;Men;Designer;
1621;Gucci;Guilty;150 ml;EDT;Men;Designer;
1614;Gucci;Guilty Black;75 ml;EDT;Lady;Designer;
1615;Gucci;Guilty Black;90 ml;EDT;Men;Designer;
1616;Gucci;Guilty Eau;75 ml;EDT;Lady;Designer;
1618;Gucci;Guilty Essence;90 ml;EDT;Men;Designer;
1624;Gucci;Memoire D Une Odeur;100 ml;EDP;Unisex;Designer;
1625;Gucci;Moonlight Serenade;150 ml;EDP;Lady;Designer;
1626;Gucci;Pour Homme;90 ml;EDT;Men;Designer;
10;Hermès;Terre d’Hermès Parfum;;;;Designer;95000
1195;Holister;Festival Nite;100 ml;EDP;Lady;Designer;
1196;Homerun Sports;Homerun Sports;100 ml;EDT;;Designer;
1212;Hugo Boss;(verde);125 ml;EDT;Men;Designer;
1213;Hugo Boss;(verde);200 ml;EDT;Men;Designer;
1197;Hugo Boss;Alive;80 ml;EDP;;Designer;
1226;Hugo Boss;Boss Caja Blanca;90 ml;EDP;Lady;Designer;
1198;Hugo Boss;Bottled;100 ml;EDP;Men;Designer;
1200;Hugo Boss;Bottled;100 ml;EDT;Men;Designer;
1199;Hugo Boss;Bottled;200 ml;EDP;Men;Designer;
1201;Hugo Boss;Bottled Elixir Intense;100 ml;Parfum;Men;Designer;
1202;Hugo Boss;Bottled Infinite;100 ml;EDP;Men;Designer;
1203;Hugo Boss;Bottled Night;100 ml;EDT;Men;Designer;
1204;Hugo Boss;Bottled OUD;100 ml;EDP;Men;Designer;
1205;Hugo Boss;Cantinflora Rojo;75 ml;EDP;Lady;Designer;
1206;Hugo Boss;Dark Blue;75 ml;EDT;Men;Designer;
1207;Hugo Boss;Deep Red;90 ml;EDP;Lady;Designer;
1223;Hugo Boss;Extreme;75 ml;EDP;Lady;Designer;
1208;Hugo Boss;Femme;75 ml;EDP;Lady;Designer;
1209;Hugo Boss;Iced;75 ml;EDT;Men;Designer;
1210;Hugo Boss;In Motion;100 ml;EDT;Men;Designer;
1211;Hugo Boss;Ma Vie;75 ml;EDP;Lady;Designer;
1215;Hugo Boss;Music Limited Edition;75 ml;EDT;Men;Designer;
1216;Hugo Boss;Number One;125 ml;EDT;;Designer;
1218;Hugo Boss;Orange;75 ml;EDT;Lady;Designer;
1217;Hugo Boss;Orange;100 ml;EDT;Men;Designer;
1219;Hugo Boss;Reversed;75 ml;;Men;Designer;
1220;Hugo Boss;Selection;90 ml;EDT;Men;Designer;
1221;Hugo Boss;The Scent;100 ml;EDT;Men;Designer;
1222;Hugo Boss;The Scent;200 ml;EDT;Men;Designer;
1214;Hugo Boss;Verde Extreme;75 ml;EDP;Men;Designer;
1224;Hugo Boss;Xx;100 ml;EDT;Lady;Designer;
1225;Hugo Boss;XY;100 ml;EDT;Men;Designer;
1227;Initio;High Frequency;90 ml;EDP;Unisex;Niche;
14;Initio;Oud for Greatness;;;;Niche;160000
1551;Jo Malone;Blackberry & Bay;100 ml;;;Niche;
1552;Jo Malone;Golden Needle Tea;75 ml;Cologne;;Niche;
1553;Jo Malone;Lime Basil & Mandarin;100 ml;Cologne;Unisex;Niche;
1554;Jo Malone;Oolong Tea;75 ml;Cologne;;Niche;
1555;Jo Milano;Game Of Spades Ace;100 ml;Parfum;Unisex;Niche;
1556;Jo Milano;Game Of Spades Bid;100 ml;Parfum;Men;Niche;
1557;Jo Milano;Game Of Spades Blind Bid;100 ml;Parfum;Unisex;Niche;
1558;Jo Milano;Game Of Spades Boston;100 ml;Parfum;Unisex;Niche;
1559;Jo Milano;Game Of Spades Diamond;100 ml;Parfum;Unisex;Niche;
1560;Jo Milano;Game Of Spades Gold;100 ml;Parfum;Unisex;Niche;
1561;Jo Milano;Game Of Spades High Roller;100 ml;Parfum;Unisex;Niche;
1562;Jo Milano;Game Of Spades King;100 ml;Parfum;Unisex;Niche;
1563;Jo Milano;Game Of Spades Moon;100 ml;Parfum;Unisex;Niche;
1564;Jo Milano;Game Of Spades Queen;100 ml;Parfum;Unisex;Niche;
1565;Jo Milano;Game Of Spades Rouge;100 ml;Extrait de Parfum;Unisex;Niche;
1566;Jo Milano;Game Of Spades Rouge;100 ml;Parfum;Unisex;Niche;
1567;Jo Milano;Game Of Spades Ruby;100 ml;Parfum;Unisex;Niche;
1568;Jo Milano;Game Of Spades Win;100 ml;Parfum;Unisex;Niche;
1569;Jo Milano;Game Of Spades Yellow Sapphire;100 ml;Parfum;Unisex;Niche;
1570;Jo Milano;Levante Blue Noir;100 ml;EDP;Men;Niche;
18;Kilian;Angels’ Share;;;;Niche;150000
1571;Lattafa;Art Of Universe;100 ml;EDP;Unisex;Arabic;
28;Lattafa;Asad;;;;Arabic;42000
1573;Lattafa;Asad Zanzibar;100 ml;EDP;Men;Arabic;
1574;Lattafa;Aura;60 ml;EDP;Lady;Arabic;
1575;Lattafa;Blend;100 ml;EDP;Men;Arabic;
1576;Lattafa;Blue Oud;100 ml;EDP;Unisex;Arabic;
1577;Lattafa;Ejaazi;100 ml;EDP;Unisex;Arabic;
1578;Lattafa;Ejaazi Silver;100 ml;EDP;Unisex;Arabic;
1579;Lattafa;Emeer;100 ml;EDP;Unisex;Arabic;
1580;Lattafa;Fakhar Gold;100 ml;EDP;Lady;Arabic;
1581;Lattafa;Fakhar Pride Of Lattafa;100 ml;EDP;Men;Arabic;
1582;Lattafa;Guinea;100 ml;EDP;Lady;Arabic;
1583;Lattafa;Hayaati Al Maleky;100 ml;EDP;Men;Arabic;
1584;Lattafa;Hayaati Florence;100 ml;EDP;Lady;Arabic;
1585;Lattafa;Her Confession;100 ml;EDP;Lady;Arabic;
1586;Lattafa;His Confession;100 ml;EDP;Men;Arabic;
1587;Lattafa;Kaltaat Al Arabia Royal Blends;100 ml;EDP;Unisex;Arabic;
21;Lattafa;Khamrah;;;;Arabic;45000
1588;Lattafa;Khamrah Dukhan;100 ml;EDP;Men;Arabic;
1589;Lattafa;Khanjar;85 ml;EDP;Men;Arabic;
1590;Lattafa;Khashabi;100 ml;EDP;Men;Arabic;
1591;Lattafa;La Collection D Antiquites 1505;100 ml;EDP;Unisex;Arabic;
1592;Lattafa;Lail Maleki;100 ml;EDP;Lady;Arabic;
1594;Lattafa;Maahir;100 ml;EDP;Men;Arabic;
1593;Lattafa;Maahir Black Edition;100 ml;EDP;Men;Arabic;
1595;Lattafa;Maharjan Gold;100 ml;EDP;Unisex;Arabic;
1596;Lattafa;Maharjan Silver;100 ml;EDP;Unisex;Arabic;
1597;Lattafa;Mahasin Crystal;100 ml;EDP;Lady;Arabic;
1598;Lattafa;Mazaaji;100 ml;EDP;Unisex;Arabic;
1599;Lattafa;Muna;100 ml;EDP;Unisex;Arabic;
1600;Lattafa;Musk Mood;100 ml;EDP;Unisex;Arabic;
1601;Lattafa;Najdia;100 ml;EDP;Men;Arabic;
1602;Lattafa;Nebras;100 ml;EDP;Unisex;Arabic;
1603;Lattafa;Niche Emarati Mughal Fort;100 ml;EDP;Unisex;Arabic;
1604;Lattafa;Niche Emarati Vintage Castle;100 ml;EDP;Men;Arabic;
1605;Lattafa;Noble Blush;100 ml;EDP;Lady;Arabic;
1607;Lattafa;Yara;100 ml;EDP;Lady;Arabic;
1606;Lattafa;Yara Candy;100 ml;EDP;Lady;Arabic;
1608;Lattafa;Yara Moi;100 ml;EDP;Lady;Arabic;
1609;Lattafa;Yara Tous;100 ml;EDP;Lady;Arabic;
13;Le Labo;Santal 33;;;;Niche;145000
11;Maison Margiela;Replica Jazz Club;;;;Niche;120000
1101;Mancera;Amber Fever;120 ml;EDP;Unisex;Niche;
1102;Mancera;Aoud Black Candy;120 ml;EDP;Unisex;Niche;
1103;Mancera;Aoud Orchid;120 ml;EDP;;Niche;
1104;Mancera;Black Intensitive Aoud;120 ml;EDP;;Niche;
1105;Mancera;Cedrat Boise;120 ml;EDP;Men;Niche;
1106;Mancera;Coco Vanille;120 ml;EDP;Lady;Niche;
1107;Mancera;Crazy For Oud;120 ml;EDP;Unisex;Niche;
1108;Mancera;Feminity;120 ml;EDP;Unisex;Niche;
1109;Mancera;Gold Aoud;120 ml;EDP;Unisex;Niche;
1110;Mancera;Gold Incense;120 ml;EDP;Lady;Niche;
1111;Mancera;Hindu Kush;120 ml;EDP;Men;Niche;
1112;Mancera;Indian Dream;120 ml;EDP;Lady;Niche;
1113;Mancera;Lovely Garden;120 ml;EDP;Unisex;Niche;
1114;Mancera;Musk Of Flowers;120 ml;EDP;Lady;Niche;
17;Mancera;Red Tobacco;;;;Niche;125000
1115;Mancera;Rose Aoud And Musc;120 ml;EDP;Unisex;Niche;
1116;Mancera;Roses Greedy;120 ml;EDP;Unisex;Niche;
1117;Mancera;Roses Jasmine;120 ml;EDP;;Niche;
1118;Mancera;Vanille Exclusive;120 ml;EDP;Unisex;Niche;
1119;Mancera;Velvet Vanilla;120 ml;EDP;Unisex;Niche;
1120;Mancera;Wild Fruits;120 ml;EDP;Unisex;Niche;
1121;Mancera;Wild Leather;120 ml;EDP;Lady;Niche;
1122;Mancera;Wild Python;120 ml;;;Niche;
1123;Mancera;Wild Rose Oud;120 ml;;Unisex;Niche;
1311;Mont Blanc;Explorer;100 ml;EDP;Men;Designer;
1312;Mont Blanc;Explorer;200 ml;EDP;Men;Designer;
1313;Mont Blanc;Individuel;75 ml;EDT;Men;Designer;
1183;Mont Blanc;Legend Blue;100 ml;EDP;Men;Designer;
1314;Mont Blanc;Legend Red;100 ml;EDP;Men;Designer;
1315;Mont Blanc;Legend Spirit;100 ml;EDT;Men;Designer;
1317;Mont Blanc;Presence;75 ml;EDT;Men;Designer;
1316;Mont Blanc;Presence D Une;75 ml;EDT;Lady;Designer;
1318;Mont Blanc;Signature Absolute;90 ml;EDP;Lady;Designer;
1319;Mont Blanc;Starwalker;75 ml;EDT;Men;Designer;
1320;Montale;Aoud Ambre;100 ml;EDP;Men;Niche;
1321;Montale;Aoud Damascus;100 ml;EDP;;Niche;
1322;Montale;Aoud Flowers;100 ml;EDP;Unisex;Niche;
1323;Montale;Aoud Greedy;100 ml;EDP;Unisex;Niche;
1324;Montale;Aoud Legend;100 ml;EDP;Unisex;Niche;
1325;Montale;Aoud Lime;100 ml;EDP;Unisex;Niche;
1326;Montale;Aoud Melody;100 ml;EDP;Unisex;Niche;
1327;Montale;Aoud Queen Roses;100 ml;EDP;Unisex;Niche;
1328;Montale;Aoud Safran;100 ml;EDP;Unisex;Niche;
1329;Montale;Arabians Tonka;100 ml;EDP;Unisex;Niche;
1330;Montale;Begal Oud;100 ml;EDP;;Niche;
1331;Montale;Black Aoud;100 ml;;Men;Niche;
1332;Montale;Black Musk;100 ml;EDP;Unisex;Niche;
1333;Montale;Blue Amber;100 ml;EDP;Unisex;Niche;
1334;Montale;Boise Fruite;100 ml;EDP;;Niche;
1335;Montale;Candy Rose;100 ml;EDP;Lady;Niche;
1336;Montale;Dark Aoud;100 ml;EDP;;Niche;
1337;Montale;Dark Purple;100 ml;EDP;Unisex;Niche;
1338;Montale;Fantastic Oud;100 ml;EDP;Unisex;Niche;
1339;Montale;Fruits Of The Musk;100 ml;EDP;;Niche;
1340;Montale;Gold Flowers;100 ml;EDP;Unisex;Niche;
1341;Montale;Golden Sand;100 ml;EDP;Unisex;Niche;
1342;Montale;Intense Cafe;100 ml;EDP;Unisex;Niche;
1343;Montale;Intense Cherry;100 ml;EDP;Lady;Niche;
1344;Montale;Leather Patchouli;100 ml;EDP;Unisex;Niche;
1345;Montale;Mango Manga;100 ml;EDP;;Niche;
1346;Montale;Musk To Musk;100 ml;EDP;;Niche;
1347;Montale;Paris Pure Gold;100 ml;EDP;Lady;Niche;
1348;Montale;Paris White Musk;100 ml;;Men;Niche;
1349;Montale;Pink Extasy;100 ml;EDP;Lady;Niche;
1350;Montale;Power Flowers;100 ml;EDP;Unisex;Niche;
1351;Montale;Pretty Fruity;100 ml;EDP;Unisex;Niche;
1352;Montale;Red Aoud;100 ml;EDP;Unisex;Niche;
1353;Montale;Red Vetiver;100 ml;EDP;Men;Niche;
1354;Montale;Roses Musk;100 ml;EDP;Lady;Niche;
1355;Montale;Royal Aoud;100 ml;EDP;;Niche;
1356;Montale;Sandflowers;100 ml;EDP;Lady;Niche;
1357;Montale;Spicy Aoud;100 ml;EDP;Unisex;Niche;
1174;Montale;Sweet Flowers;100 ml;EDP;Lady;Niche;
1175;Montale;The New Roses;100 ml;EDP;Unisex;Niche;
1176;Montale;Vanilla Extasy;100 ml;EDP;Unisex;Niche;
1177;Montale;Vanille Absolu;100 ml;EDP;Men;Niche;
1178;Montale;Velvet Flowers;100 ml;EDP;Lady;Niche;
1179;Montale;Vetiver Des Sables;100 ml;EDP;Unisex;Niche;
1180;Montale;White Aoud;100 ml;EDP;Unisex;Niche;
1181;Montale;Wild Aoud;100 ml;EDP;Unisex;Niche;
1182;Montale;Wood & Spices;100 ml;EDP;Unisex;Niche;
1184;Moschino;Cheap And Chic;;EDT;Lady;Designer;
1185;Moschino;Chip And Chic So Real;100 ml;EDT;Lady;Designer;
1186;Moschino;Forever;100 ml;EDT;Men;Designer;
1187;Moschino;Fresh Couture;100 ml;EDT;Lady;Designer;
1188;Moschino;Fresh Gold Couture;100 ml;EDP;;Designer;
1189;Moschino;Funny;100 ml;EDT;Lady;Designer;
1190;Moschino;I Love Love;100 ml;EDT;Lady;Designer;
1191;Moschino;Toy 2 Bubble Gum;100 ml;EDT;Lady;Designer;
1193;Moschino;Toy Boy;50 ml;EDP;Men;Designer;
1192;Moschino;Toy Boy;100 ml;EDP;Men;Designer;
1194;Moschino;Uomo;75 ml;EDT;Men;Designer;
1494;Nishane;Fan Your Flames;50 ml;Extrait de Parfum;Lady;Niche;
1493;Nishane;Fan Your Flames;100 ml;Extrait de Parfum;Unisex;Niche;
1495;Nishane;Fan Your Flames X;100 ml;Extrait de Parfum;Unisex;Niche;
1496;Nishane;Hacivat X;100 ml;Extrait de Parfum;Men;Niche;
1497;Nishane;Hundred Silent Ways;100 ml;Extrait de Parfum;Lady;Niche;
1498;Nishane;Kredo;100 ml;Extrait de Parfum;Unisex;Niche;
1499;Nishane;Pachuli Kozha;50 ml;Extrait de Parfum;Men;Niche;
1500;Nishane;Suede Et Safran;50 ml;Extrait de Parfum;Men;Niche;
1501;Nishane;Sultan Vetiver;50 ml;Extrait de Parfum;Men;Niche;
1502;Nishane;Wulong Cha X;100 ml;Extrait de Parfum;Unisex;Niche;
1264;Paco Rabanne;(verde);100 ml;EDT;Men;Designer;
1228;Paco Rabanne;Black XS (caja Vino);80 ml;EDP;Lady;Designer;
1229;Paco Rabanne;Crazy Me;60 ml;EDP;Men;Designer;
1230;Paco Rabanne;Dangerous Me;60 ml;EDP;Men;Designer;
1231;Paco Rabanne;Fabulous Me;60 ml;EDP;Men;Designer;
1232;Paco Rabanne;Fame Intense;80 ml;EDP;Lady;Designer;
1233;Paco Rabanne;Genius Me;60 ml;EDP;Men;Designer;
1234;Paco Rabanne;Invictus;100 ml;EDT;Men;Designer;
1235;Paco Rabanne;Invictus Legend;100 ml;EDP;Men;Designer;
1236;Paco Rabanne;Invictus Victory Extreme;200 ml;EDP;Men;Designer;
1237;Paco Rabanne;Million;50 ml;EDP;Lady;Designer;
1238;Paco Rabanne;Million;80 ml;EDP;Lady;Designer;
1240;Paco Rabanne;Million Empire;50 ml;EDP;Lady;Designer;
1241;Paco Rabanne;Million Empire;80 ml;EDP;Lady;Designer;
1239;Paco Rabanne;Million Empire Collector;80 ml;EDP;Lady;Designer;
1242;Paco Rabanne;Million Fabulous Intense;80 ml;EDP;Lady;Designer;
1246;Paco Rabanne;Million Gold Intense;100 ml;EDP;Men;Designer;
1243;Paco Rabanne;Million Lucky;80 ml;EDP;Lady;Designer;
1244;Paco Rabanne;Million Pac;80 ml;EDP;Lady;Designer;
1245;Paco Rabanne;Million Prive;80 ml;EDP;Lady;Designer;
1248;Paco Rabanne;Olympea;80 ml;EDP;Lady;Designer;
1252;Paco Rabanne;Olympea;80 ml;Parfum;Lady;Designer;
1247;Paco Rabanne;Olympea Aqua;80 ml;EDP;Lady;Designer;
1269;Paco Rabanne;Olympea Blossom Florale;80 ml;EDP;Lady;Designer;
1249;Paco Rabanne;Olympea Flora Intense;80 ml;EDP;Lady;Designer;
1250;Paco Rabanne;Olympea Legend;50 ml;EDP;Lady;Designer;
1251;Paco Rabanne;Olympea Onyx Collector Edition;80 ml;EDP;;Designer;
1253;Paco Rabanne;Olympea Solar;80 ml;EDP;Lady;Designer;
1254;Paco Rabanne;One Million;100 ml;EDT;Men;Designer;
1257;Paco Rabanne;One Million;200 ml;Parfum;;Designer;
1255;Paco Rabanne;One Million Elixir;100 ml;;Men;Designer;
1256;Paco Rabanne;One Million Gold Elixir Intense;100 ml;Parfum;Men;Designer;
1258;Paco Rabanne;One Million Royal;200 ml;Parfum;Men;Designer;
1481;Paco Rabanne;Paco Cilindro Negro;100 ml;EDT;Men;Designer;
1259;Paco Rabanne;Phantom;100 ml;EDT;Men;Designer;
1262;Paco Rabanne;Phantom;100 ml;Parfum;Men;Designer;
1260;Paco Rabanne;Phantom;150 ml;EDT;Men;Designer;
1263;Paco Rabanne;Phantom;200 ml;EDT;Men;Designer;
1261;Paco Rabanne;Phantom Intense;100 ml;EDP;Men;Designer;
1265;Paco Rabanne;Pure XS;150 ml;EDT;Men;Designer;
1266;Paco Rabanne;Strong Me;60 ml;EDP;Men;Designer;
1268;Paco Rabanne;UltraRed;80 ml;EDP;Lady;Designer;
1267;Paco Rabanne;UltraRed;100 ml;EDT;Men;Designer;
1270;Paco Rabanne;X Black (vieja Presentacion);100 ml;EDT;;Designer;
1479;Paco Rabanne;XS Black La Edition;100 ml;;Men;Designer;
1480;Paco Rabanne;Xs Pure;100 ml;EDT;Men;Designer;
1482;Pacoroca;Hot Sense Life;100 ml;EDP;Men;Designer;
1483;Palquis;Loven Blue Couture;100 ml;EDP;Lady;Designer;
15;Parfums de Marly;Layton;;;;Niche;140000
1484;Parfums De Marly;Athalia;75 ml;EDP;Lady;Niche;
1485;Parfums De Marly;Cassili;75 ml;EDP;Lady;Niche;
1486;Parfums De Marly;Delina Exclusif;1.5 ml;Parfum;;Niche;
1487;Parfums De Marly;Delina La Rosee;1.5 ml;EDP;;Niche;
1488;Parfums De Marly;Galloway Royal Essence;75 ml;;Men;Niche;
1489;Parfums De Marly;Habdan;125 ml;EDP;Men;Niche;
1490;Parfums De Marly;Kalan;125 ml;EDP;Men;Niche;
1491;Parfums De Marly;Pegasus Exclusif;75 ml;;Men;Niche;
1492;Parfums De Marly;Sedbury;75 ml;EDP;Lady;Niche;
1419;Prada;Carbon Luna Rossa;150 ml;EDT;Men;Designer;
1420;Prada;La;100 ml;EDP;Lady;Designer;
1423;Prada;Luna Rosa;100 ml;EDT;Men;Designer;
1422;Prada;Luna Rosa;150 ml;EDT;Men;Designer;
1421;Prada;Luna Rosa Black;100 ml;EDP;Men;Designer;
1425;Prada;Luna Rossa;150 ml;EDT;;Designer;
1424;Prada;Luna Rossa Carbon;100 ml;EDT;Men;Designer;
7;Prada;Luna Rossa Ocean;;;;Designer;78000
1426;Prada;Luna Rossa Ocean;100 ml;EDP;Men;Designer;
1427;Prada;Ocean Luna Rossa;150 ml;EDP;Men;Designer;
1428;Ralph Lauren;Polo 67;125 ml;EDT;Men;Designer;
1429;Ralph Lauren;Polo Big Pony 1;100 ml;EDT;Men;Designer;
1431;Ralph Lauren;Polo Black;125 ml;EDT;Men;Designer;
1430;Ralph Lauren;Polo Black;200 ml;EDT;Men;Designer;
1432;Ralph Lauren;Polo Blue;125 ml;EDT;Men;Designer;
1433;Ralph Lauren;Polo Green;237 ml;EDT;Men;Designer;
1434;Ralph Lauren;Polo Red;125 ml;EDT;Men;Designer;
1435;Ralph Lauren;Polo Red;125 ml;EDP;Men;Designer;
1436;Ralph Lauren;Polo Red;200 ml;EDT;Men;Designer;
1001;Ralph Lauren;Polo Red Rush;200 ml;EDT;Men;Designer;
1002;Ralph Lauren;Polo Sport;125 ml;EDT;Men;Designer;
1003;Ralph Lauren;Ralph (celeste);100 ml;EDT;Lady;Designer;
1004;Ralph Lauren;Ralphs Club;150 ml;EDP;;Designer;
1005;Ralph Lauren;Romance;100 ml;EDP;Lady;Designer;
1006;Ralph Lauren;Safari;125 ml;EDT;Men;Designer;
1007;Rasasi;Daarej;100 ml;EDP;Men;Arabic;
29;Rasasi;Dhan Al Oudh Al Abiyad;;;;Arabic;58000
1008;Rasasi;Hawas Tropical;100 ml;EDP;Men;Arabic;
1009;Rasasi;Kun Mukhtalifan;100 ml;EDP;Men;Arabic;
22;Rasasi;La Yuqawam;;;;Arabic;50000
1011;Rasasi;La Yuqawam Tobacco Blaze;75 ml;EDP;Men;Arabic;
1012;Rasasi;LaYuqawam;75 ml;EDP;Men;Arabic;
1013;Rasasi;LaYuqawan Orchid Prairie;75 ml;EDP;Lady;Arabic;
1014;Rasasi;Qasamat Bareeq;65 ml;EDP;Men;Arabic;
1015;Rasasi;Qasamat Morhaf;65 ml;EDP;Unisex;Arabic;
1016;Rasasi;Shurah;90 ml;EDP;Men;Arabic;
1017;Rasasi;Sotoor Raa;100 ml;EDP;Unisex;Arabic;
1018;Rasasi;Sotoor Seen;100 ml;EDP;Unisex;Arabic;
1019;Rasasi;Wow Woody;60 ml;EDP;Men;Arabic;
1020;Rave Now;Intense;100 ml;EDP;Men;Designer;
1021;Rave Now;Rouge;100 ml;EDP;;Designer;
1022;Rayhaan;Imperia;100 ml;EDP;Men;Designer;
23;Swiss Arabian;Shaghaf Oud;;;;Arabic;55000
3;Tom Ford;Black Orchid;;;;Designer;110000
9;Valentino;Uomo Intense;;;;Designer;76000
6;Versace;Eros EDP;;;;Designer;70000
16;Xerjoff;Naxos;;;;Niche;155000
4;Yves Saint Laurent;La Nuit de L’Homme;;;;Designer;75000
30;Zimaya;Nudrat Al Oud;;;;Arabic;52000
